<?xml version="1.0" encoding="UTF-8"?>
<project-private xmlns="http://www.netbeans.org/ns/project-private/1">
    <editor-bookmarks xmlns="http://www.netbeans.org/ns/editor-bookmarks/2" lastBookmarkId="0"/>
    <open-files xmlns="http://www.netbeans.org/ns/projectui-open-files/2">
        <group>
            <file>file:/C:/Users/Lenovo/Downloads/PoryectoCasiListo/Proyecto1EDD/src/Clases/ListaCaminos.java</file>
            <file>file:/C:/Users/Lenovo/Downloads/PoryectoCasiListo/Proyecto1EDD/src/Interfaces/Ventana6.java</file>
            <file>file:/C:/Users/Lenovo/Downloads/PoryectoCasiListo/Proyecto1EDD/src/Funciones/Main.java</file>
            <file>file:/C:/Users/Lenovo/Downloads/PoryectoCasiListo/Proyecto1EDD/src/Clases/Hormigas.java</file>
        </group>
    </open-files>
</project-private>
